united states	-0.27979	36.06896	nakuru	2
united states	-0.91754	119.85946	palu	40
united states	-10.68641	-37.42475	itabaiana, para�, brazil	72
united states	-14.24292	-54.38783	brazil	201
united states	-15.77846	-47.92866	brasilia brazil	2
united states	-16.49901	-68.14626	la paz bolivia	1
united states	-16.92646	145.77597	cairns, queensland, australia	29
united states	-16.96595	-61.14804	santa cruz	2
united states	-17.82918	145.99648	pennsylvania	22
united states	-19.59634	-40.77105	es	40
united states	-20.61711	-54.54294	meridan, ms	91
united states	-22.97673	-43.19508	rio de janeiro, brazil	69
united states	-23.56287	-46.65466	sao paulo, brazil	72
united states	-24.9162	133.39311	au	436
united states	-25.7458	28.18759	pretoria, south africa	65
united states	-26.20494	28.04003	johannesburg, south africa	89
united states	-26.24875	27.84378	soweto, south africa	77
united states	-26.25709	27.92352	diepkloof (dk) - johannesburg	16
united states	-27.46888	153.02283	australia - south australia	34
united states	-27.65294	-51.15045	paris island, sc	67
united states	-28.48322	24.67699	south africa	10
united states	-28.81718	153.33562	goonellabah new south wales australia	4
united states	-3.38791	29.92039	burundi	43
united states	-31.93193	115.84185	leederville western australia australia	13
united states	-31.95302	115.85724	perth western australia australia	37
united states	-32.83102	147.31906	australia - new south wales	59
united states	-33.46304	-70.64794	santiago, chile	50
united states	-33.86963	151.20695	sydney, australia	178
united states	-33.87067	151.03363	berala new south wales australia	13
united states	-33.91906	18.42196	cape town, south africa	38
united states	-33.96243	25.62326	port elizabeth, south africa	26
united states	-34.60852	-58.37354	buenos aires	93
united states	-34.8809	-56.16544	montevideo, uruguay	35
united states	-35.30654	149.12656	canberra, australia	117
united states	-36.55865	145.469	melbourne, australia	56
united states	-36.88411	174.77042	auckland, new zealand	108
united states	-37.0907	-63.58481	argentina	14
united states	-37.79744	144.97012	painesville, oh	1
united states	-37.81753	144.96715	melbourne, australia	387
united states	-37.85254	145.0369	malvern, victoria, australia	22
united states	-37.89306	175.47131	cambridge, new zealand	24
united states	-38.21787	145.03743	mornington, victoria, australia	11
united states	-41.20843	174.90453	lower hutt	11
united states	-43.53131	172.6373	christchurch new zealand	36
united states	-43.58771	170.36664	new zealand	3
united states	-45.8745	170.50385	dunedin, new zealand	26
united states	-46.41185	168.35217	invercargill	6
united states	-51.80058	-58.72104	falkland islands	21
united states	-6.17144	106.82782	canberra, australia	89
united states	-6.92404	106.92221	sukabumi	1
united states	-8.05427	-34.88126	recife, brazil	2
united states	-8.45535	115.07206	legian bali	3
united states	-8.65666	115.22152	denpasar - bali	47
united states	-9.65535	-36.6938	lochapoka, al	1
united states	1.32026	103.78871	27	29
united states	1.36519	32.30465	uganda	29
united states	1.36558	103.82771	singapore	79
united states	10.17822	-68.00312	valencia, venezuela	2
united states	10.43842	-61.41713	trinidad and tobago	3
united states	10.5833	-61.2	cumuto, trinidad	1
united states	10.63239	-61.41389	arima, st. george, trinidad	46
united states	11.2915	-60.53231	belmont, trinidad &amp; tobago	4
united states	12.20921	-69.03941	netherlands antilles	20
united states	13.18355	-59.53465	barbados	1
united states	14.49945	-14.44555	senegal	16
united states	14.56298	121.02183	metro manila, philippines	1
united states	14.60962	121.00589	manila, philippines	12
united states	15.61757	76.35554	gouripur, india	1
united states	15.77625	-90.232307	guatemala	1
united states	16.85576	-69.46854	barbados, west indies	158
united states	17.57975	-3.99883	djoliba, mali	45
united states	17.73655	-64.73629	st croix	49
united states	17.99476	-76.95159	spanish town, jamaica	45
united states	18.01571	-76.79731	kingston, jamaica	641
united states	18.03965	-77.51329	mandeville, jamaica	72
united states	18.11449	-66.16959	cayey, puerto rico	9
united states	18.11526	-77.27348	jamaica	965
united states	18.22328	-66.42889	puerto rico	98
united states	18.33117	-77.24189	lime tree gardens, st. ann, jamai	9
united states	18.3902	-77.36692	browns town, jamaica	55
united states	18.44377	-66.04975	villa palmeras, puerto rico	1
united states	18.4867	-69.94049	santo domingo, dom	1
united states	19.07619	72.87588	bombay, india	1
united states	19.13808	-96.12933	veracruz, mexico	39
united states	19.40904	-99.14977	campidano&#039;s lowland	21
united states	19.4319	-99.13285	mexico city, mexico	75
united states	19.45565	-70.70719	santiago de los caballeros, domin	53
united states	19.48498	-99.18169	020	21
united states	19.59009	-155.43414	hawaii	95
united states	19.59009	-155.434143	hawaii	33
united states	19.65	-155.994	california - la	1
united states	19.7734	-104.36615	autlan de navarro, jalisco, mexic	33
united states	20.02889	-75.82898	santiago de cuba	61
united states	20.4167	-103.6833	villa corona, jalisco, mexico	54
united states	21.30473	-157.85762	honolulu, hi	19
united states	21.51102	-77.80679	cuba	53
united states	21.7866	82.79476	india	60
united states	22.25797	-97.86837	tampico, mexico	2
united states	22.81751	-82.7603	artemisa, cuba	73
united states	23.1168	-82.38859	havana, cuba	263
united states	23.59975	121.02381	taiwan	7
united states	23.62574	-101.95625	méxico.	84
united states	23.7098	90.40711	dhaka, bangladesh	16
united states	23.73606	-103.99279	los angeles via chicago	100
united states	24.55439	-81.80045	key west florida	44
united states	24.73847	-78.0736	andros, bahama	37
united states	25.02698	121.49713	108	1
united states	25.03512	121.5152	100	35
united states	25.67084	-100.30953	monterrey	15
united states	25.72898	-80.23742	miami	450
united states	26.05225	-80.14509	dania, fl	19
united states	26.12367	-80.14356	fort lauderdale, flevoland	35
united states	26.14574	-80.47753	broward county/ dade county, fl	2
united states	26.18986	-97.69555	harlingen, texas	50
united states	26.19226	-80.09641	kingston-jamaica and forth lauderdale florida usa	1
united states	26.23145	-80.12522	pompano beach, fl	59
united states	26.27249	-80.25306	coral springs, florida	55
united states	26.62982	-81.95694	cape coral, florida	2
united states	26.64084	-81.86819	odense, denmark	12
united states	26.65037	-98.35131	puerto rico us	51
united states	26.69636	30.24647	toskha, nubia, egypt	7
united states	26.76432	-105.5888	matamoros, mexico	16
united states	27.10442	-81.33231	venus	39
united states	27.63885	-80.39422	vero beach, fl	68
united states	27.77118	-82.63932	saint petersburg, florida	52
united states	27.79641	-97.40356	corpus christi, tx	2
united states	27.82007	-81.9912	tampa bay, florida, united states	41
united states	27.94017	-82.32547	brandon	121
united states	27.94653	-82.45927	tampa, fl	349
united states	27.9758	-81.54106	florida	1036
united states	28.01731	-82.12539	plant city, fl	79
united states	28.02232	-81.73295	winter haven, fl	6
united states	28.02688	1.65284	algeria	25
united states	28.15084	-82.75306	tarpon springs, fl	16
united states	28.33268	-80.73486	rockledge, florida	24
united states	28.46978	-98.17944	three rivers, tx	5
united states	28.53823	-81.37739	orlando, fl	141
united states	28.64334	-81.23258	i am da bean!!! yimean!!! 3s4lif3!!!!, florida	26
united states	28.70015	-81.34751	longwood florida usa	28
united states	28.8111	-81.87728	leesburg, fl	25
united states	28.96739	-98.47886	pleasanton, tx	1
united states	29.18752	-82.14039	ocala, florida	74
united states	29.2073	-99.79383	uvalde, texas	56
united states	29.28437	-82.44532	morriston, florida	39
united states	29.29533	-94.80786	galveston, tx	101
united states	29.42449	-98.49462	san antonio, tx	288
united states	29.59733	-90.71913	houma, la	79
united states	29.65195	-82.32318	gainesville, fl	48
united states	29.73391	-93.89419	sabine pass, tx	51
united states	29.76045	-95.36978	houston tx 	691
united states	29.78772	-95.82333	katy	77
united states	29.91666	-90.06569	gretna, la	18
united states	29.95244	-90.05202	algiers, la	77
united states	29.95369	-90.07771	new orleans, la	854
united states	29.97525	-95.6802	cypress texas	12
united states	29.98805	-90.13102	metairie, louisiana	12
united states	29.98988	-90.24206	kenner louisiana usa	13
united states	30.05158	-99.14532	kerrville, tx	11
united states	30.08374	31.25536	cairo/egypt	1
united states	30.08454	-95.41928	spring, texas	17
united states	30.08615	-94.10158	beaumont, tx	116
united states	30.12322	-91.82928	st. martinville, la	2
united states	30.15924	-92.17141	tiel ridge, la	50
united states	30.16602	-96.39998	brenham, tx	85
united states	30.19145	-93.58068	vinton, la	84
united states	30.22032	-92.01705	lafayette, la	78
united states	30.22403	-93.22011	lake charles, la	75
united states	30.23513	-92.26831	rayne, la	144
united states	30.2676	-97.74298	austin, tx	778
united states	30.2733	-91.89962	breaux bridge, la	58
united states	30.28871	-81.39179	jacksonville beach, fl	1
united states	30.32195	-92.04386	carencro, la	10
united states	30.33138	-81.6558	jacksonville, fl	330
united states	30.38815	-96.0878	navasota, tx	118
united states	30.41853	-92.04689	grand coteau, louisiana	16
united states	30.42084	-87.21724	pensacola, fl	117
united states	30.43883	-90.44116	ponchatoula, la	108
united states	30.43977	-84.28065	tallahassee, fl	28
united states	30.44342	-91.18687	baton rouge, la	103
united states	30.48657	-92.84883	kinder, la	24
united states	30.49215	-92.41517	eunice, la	22
united states	30.4951	-91.25276	lobdell, la	54
united states	30.5497	-92.5136	duralde, la	24
united states	30.62398	-84.4127	havana, fl	33
united states	30.62981	-92.41952	big mamou, la	33
united states	30.6554	-97.00189	rockdale, tx	81
united states	30.66121	-93.89386	kirbyville, tx	76
united states	30.68639	-88.05324	mobile, al	40
united states	30.73029	-91.97563	lebeau, la	15
united states	30.73115	-81.54609	saint marys, georgia	5
united states	30.79062	-89.8643	bogalusa, la	94
united states	30.83472	-83.28092	tennessee	64
united states	30.9742	-91.52382	louisiana	320
united states	30.99688	-94.82807	corrigan, polk county, tx	54
united states	31.1041	-91.29781	woodville, ms	70
united states	31.12493	-92.06243	marksville, la	84
united states	31.13546	-102.22414	mccamey, tx	50
united states	31.14321	-89.41161	purvis, ms	21
united states	31.15509	-95.96653	leona, texas	37
united states	31.1689	-100.07715	texas	1590
united states	31.19224	29.88987	alessandria	25
united states	31.24574	-90.45408	mccomb, mississippi	20
united states	31.30627	-96.89774	marlin, tx	139
united states	31.30757	-96.63166	kosse, tx	75
united states	31.32735	-89.29071	hattiesburg, ms	61
united states	31.3893	35.36124	israel	28
united states	31.4615	-100.44242	san angelo, texas	21
united states	31.57182	-97.1495	waco, tx	30
united states	31.58076	-84.15601	albany, ga	30
united states	31.59531	-102.89334	monahans, texas	33
united states	31.60358	-94.65562	nacogdoches, tx	35
united states	31.62625	-91.81946	houlton, me : jonesville, la	43
united states	31.75916	-106.48749	el paso, tx	181
united states	31.7617	-95.632	palestine, tx	54
united states	31.83392	-83.73996	arabi, ga	62
united states	31.84666	-91.657	sicily island, la	48
united states	31.84931	-102.37481	odessa, tx	8
united states	31.85975	-90.394	hazlehurst, ms	1
united states	31.90143	-84.25274	smithville, ga	87
united states	31.94482	-83.5422	the pitts	13
united states	31.97528	-93.99853	logansport, la	12
united states	31.993	-87.29049	camden, al	12
united states	32.00255	34.75564	holon israel	13
united states	32.0451	34.76971	tel aviv, israel	79
united states	32.08078	-81.09072	savannah, ga	96
united states	32.08226	-96.808	frost, texas	26
united states	32.09162	-96.46326	corsicana, tx	96
united states	32.19851	-83.17777	eastman, ga	49
united states	32.20049	-94.35887	galloway, panola county, tx	138
united states	32.20703	-90.14988	richland, ms	95
united states	32.22155	-110.96975	tucson, az	164
united states	32.29088	-88.49926	whynot, ms	49
united states	32.2985	-64.79184	hamilton, bermuda	16
united states	32.29869	-90.18049	jackson, ms	162
united states	32.33112	-90.60536	mooringsport, louisiana	99
united states	32.33765	-90.32943	clinton, ms	30
united states	32.34973	-90.45987	bolton, ms	76
united states	32.35006	-90.88153	vicksburg, ms	240
united states	32.35039	-97.38762	cleburne, texas	29
united states	32.35248	-89.65535	morton, ms	12
united states	32.36419	-89.47541	forest, ms	96
united states	32.36503	-88.70307	meridian, ms	70
united states	32.38012	-86.30063	montgomery, al	164
united states	32.38612	-96.84842	waxahachie, tx	55
united states	32.38633	-83.35503	cochran, ga	42
united states	32.42065	53.68236	iran	33
united states	32.46182	-86.4507	prattville, alabama	12
united states	32.46222	-96.56967	crisp, tx	90
united states	32.50408	-92.12783	west monroe, la	92
united states	32.50965	-92.11905	monroe, la	93
united states	32.51461	-93.74727	shreveport, la	387
united states	32.5305	-92.63979	ruston, louisiana	6
united states	32.56618	-83.85931	new york grape and a georgia peach!	1
united states	32.58507	-89.87374	mississippi	120
united states	32.60746	-85.48173	auburn, alabama	4
united states	32.61436	-86.68073	alabama	226
united states	32.62656	-91.9246	wham city	39
united states	32.6418	-90.36791	bentonia, ms	108
united states	32.67828	-83.22295	georgia	537
united states	32.68485	-114.62461	yuma, az	3
united states	32.71568	-117.16172	san diego, ca	351
united states	32.72662	-102.64505	seminole, tx	111
united states	32.72925	-94.94275	gilmer, tx	7
united states	32.74863	-97.32925	fort worth, tx	244
united states	32.75103	-99.89682	anson, tx	46
united states	32.7716	-89.11774	philadelphia, ms	68
united states	32.77815	-96.7954	dallas, tx	611
united states	32.77942	-91.56123	goodwill, la	90
united states	32.78115	-79.9316	charleston, sc	36
united states	32.79533	-95.45168	quitman, tx	36
united states	32.80128	-79.88945	mount pleasant, south carolina	2
united states	32.83709	-117.25543	la jolla, ca	50
united states	32.83968	-83.62758	macon, ga	80
united states	32.89861	-84.32842	thomaston, ga	6
united states	32.90573	-90.87988	rolling fork, ms	1
united states	32.96197	-93.13913	haynesville, la	79
united states	32.9831	-82.8109	sandersville, ga	36
united states	33.01807	-85.35138	five points, al	42
united states	33.01897	-80.17601	summerville, south carolina	2
united states	33.09555	-94.34844	cass county, tx	37
united states	33.0972	-89.5092	deer park plantation, ms	13
united states	33.11464	-90.0528	lexington, ms	10
united states	33.13178	-91.96148	crossett, ar	40
united states	33.16735	-90.85051	hollandale, ms	13
united states	33.17156	-86.25025	sylacauga, al	52
united states	33.18428	-90.222	tchula, ms	48
united states	33.20271	-94.68121	naples, tx	99
united states	33.21049	-87.56593	tuscaloosa, al	10
united states	33.21656	-97.13098	denton, tx	63
united states	33.24397	-81.36573	barnwell, sc	2
united states	33.30288	-111.84084	chandler, arizona	10
united states	33.305	-88.61962	crawford, ms	85
united states	33.30858	-111.72111	higley, az	6
united states	33.32904	-111.78976	gilbert, arizona	1
united states	33.35303	-90.59005	inverness, ms	85
united states	33.39847	-91.03786	greenville, ms	79
united states	33.40417	-90.89881	leland, ms	60
united states	33.42551	-111.93742	tempe, az	13
united states	33.43451	-86.10269	talladega, al	32
united states	33.43561	-90.82161	dunleith, ms	89
united states	33.44826	-112.07577	phoenix, az	175
united states	33.45081	-90.645	indianola, ms	174
united states	33.46725	-96.91393	tioga springs, tx	82
united states	33.46797	-82.50293	thomson, ga	187
united states	33.47909	-81.97531	augusta, georgia	12
united states	33.48935	-80.86472	orangeburg, sc	39
united states	33.49398	-111.92122	scottsdale, arizona	15
united states	33.51711	-90.18043	greenwood, ms	108
united states	33.52029	-86.8115	birmingham, al	136
united states	33.52306	-90.27752	leflore county, ms	73
united states	33.53858	-112.18628	glendale, az	125
united states	33.54243	-90.53727	sunflower, ms	87
united states	33.55943	-97.84835	bowie city, tx	83
united states	33.58608	-86.28641	pell city, al	29
united states	33.59233	-101.85587	lubbock, tx	211
united states	33.5931	-91.07385	scott, ms	78
united states	33.60651	-88.65042	west point, ms	138
united states	33.62646	-80.9474	south carolina	270
united states	33.62861	-90.60738	sunflower county, ms	45
united states	33.63604	-96.60916	sherman, tx	48
united states	33.65596	-84.44895	college park, ga	4
united states	33.66388	-117.90342	costa mesa,  california usa	26
united states	33.66418	-79.82877	kingstree, sc	10
united states	33.6671	-117.76505	orange county, ca	199
united states	33.67098	-86.84567	mount olive, al	71
united states	33.67466	-101.3878	ralls, tx	70
united states	33.67889	-118.00157	huntington beach, ca	167
united states	33.68688	-117.82534	irvine, ca	4
united states	33.71663	-85.59616	cleburne county, al	4
united states	33.73129	-90.54683	ruleville, ms	67
united states	33.74172	-83.85361	walnut grove, ga	46
united states	33.74831	-84.39111	atlanta, ga	780
united states	33.74907	-117.87394	santa ana, ca	4
united states	33.75854	-88.1089	vernon, al	1
united states	33.76672	-118.1924	long beach, ca	139
united states	33.77402	-84.29659	mobile, al	2
united states	33.77607	-117.93616	garden grove, california	1
united states	33.78399	-89.80985	grenada, ms	150
united states	33.78786	-117.8504	orange, ca	50
united states	33.82434	-118.03749	cypress, california	1
united states	33.83276	-117.91572	anaheim, ca	112
united states	33.84005	-90.29717	glendora, ms	92
united states	33.86404	-118.39535	hermosa beach, ca	57
united states	33.86441	-117.99804	buena park, california	8
united states	33.87032	-117.9291	fullerton, ca	48
united states	33.89528	-118.22433	compton, ca	59
united states	33.89627	-89.00018	houston, ms	86
united states	33.90094	-84.279	doraville, ga	44
united states	33.91197	-90.18076	tippo, ms	101
united states	33.91659	-92.84857	sparkman, ar	12
united states	33.91736	-102.33417	littlefield, tx	76
united states	33.91819	-118.35374	hawthorne, ca	49
united states	33.92192	-93.14939	gurdon, ar	97
united states	33.92738	-118.27718	south central los angeles, california	20
united states	33.93045	67.67894	af	7
united states	33.94047	-118.24108	watts, ca	8
united states	33.95102	-90.76741	shelby, ms	16
united states	33.95246	-83.98799	lawrenceville, georgia	1
united states	33.95319	-84.54588	marietta, ga	19
united states	33.95813	-83.37325	athens, ga	254
united states	33.98163	-117.37388	riverside, ca	165
united states	33.98291	-96.98612	enville, ok	74
united states	33.98585	-88.48955	amory, ms	33
united states	33.99151	-118.46185	venice, ca	8
united states	33.99363	-117.97092	hacienda heights, ca	72
united states	33.99855	-81.04525	columbia, sc	21
united states	34.00336	-84.14496	duluth, georgia	32
united states	34.01156	-118.49229	santa monica, ca	129
united states	34.02011	-117.95086	la puente, california	35
united states	34.03339	-118.1596	east los angeles, ca	53
united states	34.04597	-117.84881	mt. san antonio college, ca	12
united states	34.05349	-118.24532	los angeles, ca	6999
united states	34.05349	-118.245323	california - la	10
united states	34.05464	-117.75002	pomona, ca	16
united states	34.07215	-117.93918	west covina, ca	33
united states	34.07292	-118.39981	beverly hills, california	23
united states	34.0737	-90.49217	dublin, ms	39
united states	34.09271	-118.26753	silverlake, ca	18
united states	34.09708	-118.10824	san gabriel, ca	15
united states	34.09834	-118.32674	hollywood, california	230
united states	34.10668	-117.80384	san dimas, ca	6
united states	34.10982	-118.19232	highland park, ca	2
united states	34.12195	-118.10557	san marino, ca	24
united states	34.13602	-117.86483	glendora, ca	18
united states	34.13997	-118.38918	studio city, ca	22
united states	34.14584	-118.77758	agoura hills, ca	6
united states	34.14632	-118.24802	glendale, ca	29
united states	34.14723	-118.14426	pasadena, ca	144
united states	34.14906	-78.87563	tabor city, nc	89
united states	34.15226	-118.6938	calabasas, california	14
united states	34.1649	-118.397	valley village, ca	20
united states	34.16612	-106.02612	new mexico	10
united states	34.16788	-111.9307	arizona	190
united states	34.1688	-118.61092	woodland hills, ca	41
united states	34.1717	-117.73906	southern california	2
united states	34.18147	-118.30812	burbank, ca.	8
united states	34.185	-118.89425	thousand oaks, ca	19
united states	34.19363	-79.76906	florence, sc	21
united states	34.19451	-90.5651	clarksdale, ms	163
united states	34.19763	-86.16559	boaz, al	49
united states	34.19767	-101.69814	plainview, tx	44
united states	34.22353	-92.0034	pine bluff, ar	17
united states	34.22745	-118.46206	san fernando valley, ca	37
united states	34.23497	-77.94599	wilmington, nc	44
united states	34.24449	-113.9645	planet east	20
united states	34.24961	-80.60741	camden, sc	43
united states	34.2606	-118.28554	tujunga, california	11
united states	34.26624	-118.4164	pacoima, ca	99
united states	34.27358	-88.40858	fulton, ms	50
united states	34.27611	-88.35068	itawamba county, ms	108
united states	34.27798	-87.82828	hackleburg, al	41
united states	34.28084	-119.29232	ventura, california, usa	32
united states	34.28946	-118.71766	simi valley	10
united states	34.29205	-88.68369	lee county, ms	58
united states	34.30138	-90.64208	stovall, ms	62
united states	34.36401	-89.51877	oxford, ms	105
united states	34.40086	-97.05411	dougherty, ok	41
united states	34.41709	-79.3708	dillon, sc	1
united states	34.41925	-119.69887	santa barbara, ca	59
united states	34.47326	-119.05505	ventura county, ca	36
united states	34.48767	-78.65636	clarkton, north carolina	37
united states	34.51042	-89.94049	rossville, tennessee (lived in como, mississippi)	67
united states	34.52865	-90.59119	helena, ar	34
united states	34.54142	-112.46873	prescott, az	11
united states	34.54383	-101.77568	tulia, tx	29
united states	34.55091	-77.92509	florida	16
united states	34.56039	-90.91387	marvell, ar	19
united states	34.56398	-92.58685	benton, arkansas	99
united states	34.58376	-89.7109	tyro, ms	44
united states	34.58711	-94.23863	mena, ar	20
united states	34.60515	-98.38983	lawton, ok	86
united states	34.60738	-86.97976	decatur, al	46
united states	34.64231	-97.17028	wynnewood, ok	49
united states	34.67747	135.50323	osaka, japan	90
united states	34.68178	-99.91246	hollis, ok	16
united states	34.6978	-87.52899	leighton, al	115
united states	34.69934	-79.88483	ny - new york city	1
united states	34.72912	-86.58496	huntsville alabama usa	11
united states	34.7402	-97.2218	pauls valley, ok	63
united states	34.74243	-87.66771	muscle shoals, al	37
united states	34.74293	-101.85259	happy, tx	45
united states	34.74865	-92.27449	little rock, ar	162
united states	34.7519	-92.13055	blythesville, ar	140
united states	34.76145	-84.97218	dalton, georgia	1
united states	34.77507	-96.67869	ada, ok	80
united states	34.80046	-87.67525	florence, al	86
united states	34.80426	-85.48426	i&rsquo;m from dade county!!!	3
united states	34.82973	-89.5647	red banks, ms	30
united states	34.83338	-89.17571	ashland, ms	83
united states	34.84802	-82.40022	greenville, sc - united states	104
united states	34.92132	138.9108	shuzeni izu, japan	18
united states	34.92923	-86.97311	elkmont, al	51
united states	34.94652	-89.4373	slayden, ms	48
united states	34.94825	-81.93487	spartanburg, sc	1
united states	34.96578	-80.07691	wadesboro, nc	81
united states	34.97633	-85.35666	lookout mountain, ga	50
united states	35.00459	-91.25019	cotton plant, ar	76
united states	35.00476	135.70743	ume�sweden	9
united states	35.02085	-81.8018	cowpens, sc	37
united states	35.03731	-90.06146	whitehaven, tn	67
united states	35.04644	-85.30946	chattanooga, tennessee	43
united states	35.06626	-78.88956	fayetteville,nc 28301	71
united states	35.08418	-106.64864	albuquerque, nm	53
united states	35.09813	135.71893	kyoto, japan	15
united states	35.14649	-90.1922	west memphis, ar	84
united states	35.14968	-90.04892	memphis, tn	1286
united states	35.15595	-91.34318	gregory, ar	14
united states	35.16018	-84.87532	cleveland, tennessee	17
united states	35.17407	-89.97544	hollywood, tn	34
united states	35.18657	-86.11205	winchester, tn	79
united states	35.19138	-79.47184	pinehurst, nc	11
united states	35.21553	-99.86665	erick, ok	18
united states	35.21962	-80.019547	north carolina	2
united states	35.21962	-80.01955	north carolina	546
united states	35.22073	-97.44661	norman, ok	21
united states	35.2225	-80.83754	charlotte, nc	104
united states	35.22689	-90.32643	crawfordsville, ar	92
united states	35.25082	-91.74015	searcy, ar	84
united states	35.26869	-77.5818	kinston, nc	49
united states	35.27826	-93.13482	russellville, ar	20
united states	35.28552	-120.66252	san luis obispo, california	34
united states	35.30914	-98.52102	oklahoma	70
united states	35.31057	-120.82696	los osos , california	7
united states	35.32689	-83.80489	robbinsville, nc	98
united states	35.33826	-97.48561	moore, ok	12
united states	35.37096	-85.38843	dunlap, tn	10
united states	35.3846	-94.4213	fort smith, ar	4
united states	35.38716	-94.69444	gans, ok	18
united states	35.40853	-80.1155	badin, nc	47
united states	35.45808	-79.93087	flint hill, nc	28
united states	35.472	-97.52033	oklahoma city, ok	126
united states	35.48703	-93.8277	ozark, ar	45
united states	35.48869	-120.66906	atascadero, ca	54
united states	35.5047	-97.6389	bethany, ok	11
united states	35.5218	-90.35823	dub sprangz.killeen, us	17
united states	35.53849	-76.62118	harlingen tx	18
united states	35.55633	139.6752	kawasaki, japan	9
united states	35.56455	-89.64607	covington, tn	77
united states	35.59051	-78.73713	willow spring, mo	29
united states	35.59846	-82.55314	asheville, nc	49
united states	35.6139	-88.8194	jackson, tn	76
united states	35.66693	-80.46935	 nc	39
united states	35.67048	139.74092	tokyo, japan	155
united states	35.67484	-90.09876	keiser, ar	33
united states	35.68094	-85.77449	mcminnville, tn	31
united states	35.69566	-89.40763	nutbush, tn	100
united states	35.70259	51.40883	teheran, iran	26
united states	35.70561	-78.62139	south wales	15
united states	35.74595	-89.53176	ripley, tn	150
united states	35.7468	-81.68586	morganton, nc	3
united states	35.74812	-95.36917	muskogee, ok	56
united states	35.75355	-83.97364	maryville, tn	28
united states	35.78032	-87.46671	centerville, tn	74
united states	35.78551	-78.64267	raleigh, nc	120
united states	35.78933	-78.78117	cary north carolina usa	11
united states	35.79798	-95.24921	fort gibson, ok	26
united states	35.80236	-83.52293	sevier county, ky	10
united states	35.82213	-88.91599	humboldt, tn	51
united states	35.82558	-93.83629	combs, arkansas	25
united states	35.83073	-85.97874	tennessee	957
united states	35.83589	-90.36802	black oak, ar	104
united states	35.87377	-78.79119	raleigh-durham, nc	11
united states	35.87713	-96.06071	mounds, ok	39
united states	35.88012	-97.4234	guthrie, ok	43
united states	35.91463	-79.05661	chapel hill, nc	236
united states	35.92425	-86.87093	franklin country, ms	18
united states	35.92577	-85.46394	sparta, tn	28
united states	35.92848	-89.90474	blytheville, ar	13
united states	35.96049	-83.92091	knoxville, tn	209
united states	35.99527	-78.89601	durham, nc	123
united states	35.99527	-78.896011	durham north carolina usa	1
united states	36.03256	-86.78916	nashville, franklin, brentwood	46
united states	36.05084	-95.7895	broken arrow, ok	51
united states	36.05672	-90.48738	paragould, ar	50
united states	36.06899	-79.7947	greensboro, nc	106
united states	36.08337	-87.79583	waverly, tn	33
united states	36.09962	-80.24109	winston-salem, nc	87
united states	36.10224	-78.45755	franklinton, nc	3
united states	36.13702	-120.36289	coalinga, ca	86
united states	36.15398	-95.99277	tulsa, ok	408
united states	36.16338	-90.07002	vancity!!!	1
united states	36.16778	-86.77836	nashville, tn	973
united states	36.17191	-115.13997	las vegas, nv	119
united states	36.19524	-86.51858	mt. juliet, tn	96
united states	36.23703	-81.51058	deep gap, nc	53
united states	36.2929	-95.15261	salina, ok	23
united states	36.3015	-76.21976	elizabeth city, nc	23
united states	36.30188	-88.32588	paris, tn	31
united states	36.30486	-86.62021	hendersonville, tn	78
united states	36.34253	-85.29014	overton county, tn	44
united states	36.35113	-89.81702	wardell, mo	15
united states	36.38418	-85.32281	livingston, tn	25
united states	36.42677	-77.59765	weldon, nc	1
united states	36.44815	127.85017	south korea	56
united states	36.49905	-80.60688	mount airy, nc	61
united states	36.52973	-83.21729	sneedville, tn	13
united states	36.52986	-6.29021	cadiz, spain	56
united states	36.5478	-82.56042	kingsport, tn	66
united states	36.54891	-86.50662	fountain head, tn	1
united states	36.58598	-79.4172	danville, va	51
united states	36.59193	-82.22127	bristol, tn	45
united states	36.59586	-89.52839	new madrid, mo	27
united states	36.59759	-121.89677	monterey, ca	32
united states	36.66928	-89.9692	bernie, mo	50
united states	36.67267	-79.2138	sutherlin, va	33
united states	36.72814	-108.20569	farmington, nm	13
united states	36.73115	-76.58895	suffolk, va	21
united states	36.74068	-119.78573	fresno, ca	28
united states	36.75502	-76.0592	virginia beach, virginia	18
united states	36.79678	-95.34955	centralia, ok	4
united states	36.83264	-76.29771	portsmouth, va	95
united states	36.84682	-76.28507	norfolk, va	180
united states	36.84922	-94.6103	seneca, mo	1
united states	36.90533	-104.439	raton, nm	50
united states	36.9359	-82.62345	west norton, va	49
united states	36.97402	-122.03095	santa cruz ca	183
united states	36.99462	-86.44558	bowling green, ky	42
united states	37.02779	-76.34512	hampton, va	1
united states	37.08288	-76.48023	newport news, va	76
united states	37.08571	-88.59583	paducah, ky	53
united states	37.09145	-94.51317	joplin, mo	32
united states	37.11368	-82.85948	letcher county, ky	18
united states	37.11878	-83.08847	daisy, ky	50
united states	37.16793	-95.84502	usa	1882
united states	37.167931	-95.845016	united states	10
united states	37.17675	-94.314	carthage, mi	32
united states	37.20897	-93.29156	springfield, mo	121
united states	37.22626	-80.41058	blacksburg, va	73
united states	37.22815	-77.40343	petersburg, va	25
united states	37.23527	-76.51212	yorktown, va	3
united states	37.27188	-119.27023	sacremento, ca	1893
united states	37.2756	-76.70972	williamsburg, va	2
united states	37.28848	-121.94486	campbell, ca	37
united states	37.30198	-78.3926	farmville, va	2
united states	37.33847	-121.88579	san jose, ca	80
united states	37.36992	-120.17816	central valley, ca	38
united states	37.38201	-81.64936	coalwood, wv	38
united states	37.41402	-79.14284	lynchburg, va	11
united states	37.44466	-122.16079	palo alto, ca	25
united states	37.45047	-86.74081	rosine, ky	91
united states	37.4631	-122.42932	half moon bay, ca	12
united states	37.46818	-105.8736	alamosa, co	24
united states	37.4742	14.0384	sicily, italy	1
united states	37.48092	-93.42783	morrisville, mo	14
united states	37.487598	139.838287	japan	1
united states	37.4876	139.83829	jp	138
united states	37.5407	-77.43365	richmond, va	230
united states	37.54703	-122.31483	san mateo, ca	152
united states	37.55091	-121.98217	fremont, california	22
united states	37.55712	126.97738	seoul, korea	20
united states	37.57018	-84.29296	berea, ky	7
united states	37.59791	69.86799	samti, la	97
united states	37.64598	-84.77496	danville, ky	61
united states	37.65863	126.7378	kentexas	32
united states	37.67119	-122.08613	hayward, ca	89
united states	37.68698	-97.33558	wichita, ks	27
united states	37.7273	-89.2158	carbondale, il	1
united states	37.76658	-122.24474	alameda, ca	22
united states	37.76789	-81.41923	bolt, wv	41
united states	37.77916	-122.42005	california - sf	2956
united states	37.78549	-79.44146	lexington, va	27
united states	37.80506	-122.27302	oakland, ca	416
united states	37.81552	-82.80601	paintsville, ky	56
united states	37.82245	-85.69091	kentucky	99
united states	37.83721	-94.35868	nevada, mo	4
united states	37.85026	-90.5195	flat river, mo	49
united states	37.8695	-122.2705	berkeley, ca	189
united states	37.87869	-121.94345	bay area, ca	38
united states	37.90118	-122.06162	walnut creek, california	50
united states	37.92232	-99.4099	kinsley ks	44
united states	37.95362	-121.29072	stockton, ca	6
united states	37.97457	-122.53247	san rafael, ca	16
united states	37.97615	23.73641	athens, greece	18
united states	37.99696	-81.71747	madison, wv	38
united states	38.00335	-79.77127	virginia	200
united states	38.03213	-78.47753	charlottesville, va	35
united states	38.04859	-84.50032	lexington, ky	98
united states	38.08664	-83.12559	sandy hook, ky	45
united states	38.13015	-121.27597	lodi, california	1
united states	38.15001	-79.07272	staunton, va	1
united states	38.15371	-78.84245	crimora, va	34
united states	38.19047	-86.1146	harrison, in	72
united states	38.25486	-85.7664	louisville, ky	108
united states	38.2589	-92.43659	missouri	197
united states	38.28496	-85.76216	clarksville, indiana	26
united states	38.29187	-122.45724	sonoma, ca. usa	35
united states	38.35019	-81.63899	charleston, wv	6
united states	38.36601	-98.76514	great bend, ks	100
united states	38.40901	-121.36562	elk grove, il	11
united states	38.41982	-82.44537	huntington, wv	23
united states	38.42068	-121.42164	laguna nigel, ca	28
united states	38.43358	-77.38079	twin oaks, va	26
united states	38.43773	-122.71242	santa rosa, california	200
united states	38.49313	-86.00816	pekin, in	1
united states	38.49809	-98.32023	kansas	61
united states	38.50205	-117.02258	nevada	195
united states	38.53492	-82.68448	ironton, oh	94
united states	38.54666	-121.74477	davis, ca	127
united states	38.55354	-91.00108	washington, mo	20
united states	38.571	-121.55015	west sacramento california usa	5
united states	38.57842	-93.2393	spring fork, mo	20
united states	38.57906	-121.49101	sacramento california usa	92
united states	38.59264	-90.35591	webster groves, mo	46
united states	38.62774	-90.19951	st. louis, mo	814
united states	38.64412	-83.75938	maysville, ky	1
united states	38.65555	-92.78236	tipton, mo	44
united states	38.66059	-77.24787	woodbridge, va	52
united states	38.67843	-121.77312	woodland, california	1
united states	38.68193	-84.59431	dry ridge, ky	77
united states	38.71361	-77.79551	warrenton, va	19
united states	38.72567	-9.15037	lisbon, portugal	62
united states	38.74339	-82.99361	portsmouth, oh	13
united states	38.80456	-77.04308	alexandria, va	15
united states	38.8235	-75.92381	maryland	383
united states	38.82848	-84.46223	morning view kentucky usa	1
united states	38.83154	-77.28861	fairfax, virginia	50
united states	38.83179	20.70796	lefkada	28
united states	38.83345	-104.82181	colorado springs, co	2
united states	38.84279	-76.51575	shady side	1
united states	38.89051	-77.08629	arlington/dallas, texas	2
united states	38.89086	-90.18383	delaney: ponotoc county, mississippi; bonnie: alton, illinois	16
united states	38.8962	-121.07887	auburn, ca	11
united states	38.8991	-77.029	washington, dc	1740
united states	38.90037	-77.26365	vienna virginia usa	17
united states	38.91391	-94.37517	lee's summit, mo	11
united states	38.91974	-80.18168	west virginia	3
united states	38.9309	-76.8912	landover, md	4
united states	38.96191	-76.86234	lanham	34
united states	38.97306	-95.23653	lawrence, ks	26
united states	38.9767	-76.48993	annapolis, md	21
united states	38.98424	-0.55658	barberà del vallés	12
united states	38.98637	-77.09692	bethesda, md	18
united states	38.98905	-78.35865	strasburg, va	15
united states	38.99668	-77.02887	silver spring, md	2
united states	38.99792	-105.55096	colorado	380
united states	39.02675	-84.21585	amelia, ohio	76
united states	39.04928	-95.67118	topeka kansas	10
united states	39.05988	-86.61724	kirksville, in	1
united states	39.09551	-120.95071	colfax, ca	74
united states	39.10295	-94.58306	kansas city	274
united states	39.10644	-84.50469	cincinnati, oh	475
united states	39.11338	-94.62682	kansas city, ks	13
united states	39.11567	-77.5653	leesburg, virginia	46
united states	39.14465	-89.10827	ramsey, fayette county, il	97
united states	39.14527	-75.41876	san diego, ca	79
united states	39.15093	-123.2079	ukiah, ca	77
united states	39.16178	-76.62184	glen burnie	13
united states	39.16659	-86.53424	bloomington, in	167
united states	39.20149	-85.91901	columbus, indiana	1
united states	39.20692	-86.24696	hard to say. right now i live in nashville.	1
united states	39.20916	-76.86731	columbia, maryland	61
united states	39.25566	-76.65937	west baltimore, md	33
united states	39.26271	-121.01914	nevada city, ca	18
united states	39.2794	-74.57555	ocean city, nj	98
united states	39.29055	-76.6096	baltimore, md	282
united states	39.33498	-82.97041	chillicothe, oh	30
united states	39.33737	-76.40529	middle river, maryland	9
united states	39.35103	-83.38556	greenfield, oh	81
united states	39.37413	22.95775	volos, greece	2
united states	39.40008	-84.56264	hamilton, oh	58
united states	39.41574	-77.41203	frederick, md	17
united states	39.49974	-111.54732	utah	23
united states	39.52739	-119.81341	reno, nevada	94
united states	39.53476	-74.4874	port republic, new jersey	3
united states	39.55792	-7.84481	portugal	25
united states	39.60343	-74.21016	long beach, nj	16
united states	39.61364	-86.11029	greenwood, indiana	1
united states	39.61869	-105.23324	indian hills, co	1
united states	39.62603	-75.66114	bear, delaware	45
united states	39.63564	-74.80397	hammonton, new jersey	3
united states	39.6425	-77.71758	hagerstown, md	61
united states	39.7299	-75.47003	penns grove, nj	17
united states	39.732	-121.84198	chico, ca	30
united states	39.73926	-89.50409	illinois	808
united states	39.739262	-89.504089	illinois	39
united states	39.74001	-104.99226	denver, co	176
united states	39.74023	-75.55084	wilmington, de	115
united states	39.74696	141.26141	morioka, japan	9
united states	39.75213	-105.05326	edgewater, colorado 	79
united states	39.75911	-84.19444	dayton, oh	353
united states	39.76618	-86.44105	indiana	89
united states	39.7666	-94.85607	st. joseph, mo	162
united states	39.76691	-86.14996	indianapolis, in	334
united states	39.80105	-89.6436	springfield, il	155
united states	39.80493	-75.22939	clarksboro, nj	50
united states	39.83011	-84.89033	richmond, indiana	84
united states	39.89233	-74.91905	marlton, nj	3
united states	39.89502	-2.98868	spain	102
united states	39.90685	-76.65859	york, pa	15
united states	39.92502	-83.80673	springfield, oh	15
united states	39.92891	-75.29647	clifton heights, pa	5
united states	39.94525	-75.11913	camden, nj	95
united states	39.95227	-75.16237	philadelphia, pa	3091
united states	39.96196	-83.00298	columbus, oh	205
united states	39.98117	-77.12648	huntington township, jaspar count	139
united states	39.9833	-75.7486	chester, pa	103
united states	4.43932	-75.22469	ibague, colombia	1
united states	4.65637	-74.11779	bogotá colombia	91
united states	4.93461	-52.33033	cayenne, french guyana	1
united states	40.0084	-75.15294	north philadelphia, pa	111
united states	40.01549	-90.43295	beardstown, il	2
united states	40.01574	-105.27924	boulder, co	67
united states	40.02099	-75.30776	bryn mawr, pa	2
united states	40.02373	-76.33171	lancaster, pa	10
united states	40.06781	-82.51759	granville, oh	5
united states	40.0908	-75.38499	king of prussia, pa	13
united states	40.10216	-85.67869	anderson, in	84
united states	40.10787	-77.78913	willow hill, pa	29
united states	40.10863	-83.75243	urbana, ohio	29
united states	40.1142	-88.2435	champaign, il	13
united states	40.11445	-75.3393	norristown, pa	74
united states	40.11727	-88.20449	urbana, us	126
united states	40.12139	-80.00595	bentleyville, pa	94
united states	40.14323	-74.72671	new york, ny [south bronx]	942
united states	40.14761	-84.24023	piqua, oh	49
united states	40.15946	-87.63043	danville, il	81
united states	40.19033	-82.66947	ohio	605
united states	40.19426	-92.57199	kirksville, mo	12
united states	40.19845	-84.80795	union city, in	22
united states	40.20971	-74.03586	neptune, nj	12
united states	40.21388	-85.70948	miami, fl	131
united states	40.21614	-86.02626	mcintosh county grown in atlanta	39
united states	40.21703	-74.01301	asbury park, nj	3
united states	40.23376	-111.66851	provo, utah	16
united states	40.25903	-80.18554	canonsburg, pa	52
united states	40.26134	-79.71545	herminie, pa	45
united states	40.27229	-81.86665	coshocton, oh	10
united states	40.29924	-79.54316	greensburg, pa	51
united states	40.30622	-74.37547	manalapan, nj	13
united states	40.3285	-75.10254	bucks county, pa	5
united states	40.3492	-74.07014	red bank	44
united states	40.36033	-74.66429	princeton, nj	47
united states	40.40547	-79.82416	turtle creek, pa	57
united states	40.41329	-84.77656	fort recovery, ohio	64
united states	40.4203	-3.70577	madrid, spain	92
united states	40.43104	-86.91365	west lafayette, in	1
united states	40.43665	-74.20444	keyport, nj	31
united states	40.43831	-79.99745	pittsburgh, pa	628
united states	40.44181	-74.13107	keansburg, new jersey	52
united states	40.48124	-79.9735	millvale pennsylvania usa	10
united states	40.49477	-74.44381	new brunswick, nj	121
united states	40.50719	-78.3989	altoona, pa	85
united states	40.54416	-74.36303	metuchen, nj	5
united states	40.5725	-74.154	staten island, new york	357
united states	40.57607	-73.99221	coney island, brooklyn, ny	16
united states	40.57885	-74.21956	carteret, new jersey	85
united states	40.5815	-105.07626	fort collins, co	65
united states	40.58565	-98.39237	hastings, ne	28
united states	40.60257	-75.4702	allentown, pa	98
united states	40.61762	-74.41706	plainfield, nj	39
united states	40.6229	-79.15015	indiana, pa	22
united states	40.63199	-74.2552	linden, new jersey	12
united states	40.63955	22.93707	thessaloniki, greece	50
united states	40.65507	-73.94888	brooklyn, ny	2680
united states	40.66351	-74.21146	elizabeth, nj	37
united states	40.66404	-73.70853	valley stream, long island, ny	20
united states	40.66873	-74.11749	bayonne, nj	14
united states	40.67281	-73.84739	ozone park, ny	10
united states	40.67437	-73.94242	crown heights, ny	3
united states	40.68869	-73.93918	bedford-stuyvesant, ny	22
united states	40.69119	-75.20983	easton, pa	19
united states	40.69207	-73.46526	massapequa, long island, ny	1
united states	40.69214	-89.58776	peoria, il	128
united states	40.69819	-73.79557	jamaica, queens, ny	68
united states	40.7038	-73.83168	queens, ny	523
united states	40.70991	-73.62279	hempstead, ny	81
united states	40.71455	-74.007118	ny - new york city	21
united states	40.71455	-74.00712	new york, ny	8958
united states	40.7174	-74.04323	jersey city, nj	148
united states	40.72023	-73.24922	bayshore, long island, ny	92
united states	40.73143	-73.99658	greenwich village, ny	50
united states	40.73197	-74.17418	newark, nj	382
united states	40.73678	-73.88106	elmhurst, queens, new york, ny	15
united states	40.73716	-74.03097	hoboken, nj	68
united states	40.74139	-73.71186	floral park, ny	12
united states	40.74262	-73.85808	corona, long island, ny	20
united states	40.74269	-84.10729	lima, ohio	31
united states	40.74568	-74.25778	south orange, nj	14
united states	40.74641	-73.59565	nassau county, ny	34
united states	40.75244	-86.06808	peru, in	43
united states	40.75628	-73.93762	queensbridge, ny	36
united states	40.75851	-82.5148	mansfield, oh	59
united states	40.75952	-111.88823	salt lake city, ut	4
united states	40.76099	-74.20991	east orange, nj	162
united states	40.76556	-80.31914	beaver falls, pa	2
united states	40.77387	-74.02469	union city, new jersey	34
united states	40.78863	-73.9649	manhattan island, new york	21
united states	40.79086	-73.96644	new york, ny [manhattan]	141
united states	40.79195	-73.94512	spanish harlem, new york, ny	99
united states	40.79301	-74.47713	morristown, nj	1
united states	40.79781	-81.37157	canton, oh	104
united states	40.80072	-73.72801	great neck new york usa	22
united states	40.80207	-73.21191	central islip, ny	1
united states	40.80236	-74.20397	glen ridge,  nj	23
united states	40.8079	-73.9454	harlem, new york, ny	289
united states	40.81209	-74.12466	lyndhurst, nj	27
united states	40.81362	-96.70774	lincoln, nebraska	50
united states	40.81741	-74.21612	montclair, nj	24
united states	40.82332	-73.91179	new york, ny [south bronx]	17
united states	40.8272	-73.49664	syosset, ny	66
united states	40.8399	14.25185	naples, italy	122
united states	40.8448	-73.93585	washington heights, ny	40
united states	40.85251	-73.13585	long island, ny	339
united states	40.85715	-73.85678	new york, ny [the bronx]	719
united states	40.86034	-74.12374	passaic, nj	133
united states	40.86395	-73.63078	glen cove, ny	24
united states	40.88104	-74.1148	garfield, nj	19
united states	40.88606	-74.04446	hackensack, nj	2
united states	40.9012	-73.34524	northport, ny	11
united states	40.90935	-72.35508	water mill new york usa	25
united states	40.91245	-73.83827	mount vernon, ny	188
united states	40.91646	-74.17108	paterson, nj	42
united states	40.9197	-73.7868	new rochelle, ny	98
united states	40.92926	-74.22886	wayne, nj	45
united states	40.93478	-73.99558	bergenfield, nj	3
united states	40.95276	-74.03192	oradell, nj	40
united states	40.95628	-73.81091	eastchester, ny	1
united states	40.98699	-74.06454	washington township	6
united states	40.99471	-77.60454	pennsylvania	556
united states	41.00049	-73.66658	port chester, ny	41
united states	41.02525	-73.62962	greenwich, ct	2
united states	41.04085	28.98618	istanbul	15
united states	41.08336	16.77851	modugno, ba, it	1
united states	41.08419	-81.51406	akron, oh	171
united states	41.0981	-80.65079	youngstown, oh	103
united states	41.11366	-73.40765	norwalk, ct	1
united states	41.13436	-73.79169	pleasantville, ny	47
united states	41.16338	-73.86084	ossining, ny	15
united states	41.19993	-90.74988	aledo, il	52
united states	41.20633	-73.72684	mount kisco, ny	82
united states	41.22236	-111.97046	ogden, ut	55
united states	41.22949	-75.8713	wilkes-barre, pa	56
united states	41.26069	-95.93995	omaha, ne	486
united states	41.30711	-72.92496	new haven, ct	201
united states	41.3108	-105.59032	laramie, wyoming	35
united states	41.35484	-72.07074	groton, ct	45
united states	41.35644	-72.09647	new london	22
united states	41.38371	-81.73465	parma, oh	22
united states	41.38572	2.17005	barcelona	102
united states	41.39447	-73.61689	brewster, ny	70
united states	41.44556	-74.42248	middletown, ny	11
united states	41.44862	1.97337	hospitalet-vilanova-sant andreu de la barca-bcn	1
united states	41.4682	-82.17815	lorain, us	59
united states	41.48352	-74.41552	rockville, centre, ny	21
united states	41.48628	-71.3055	newport, ri	39
united states	41.48946	-78.67601	johnsonburg, pa	1
united states	41.49994	-74.01023	newburgh, ny	40
united states	41.50075	-99.68095	ne	100
united states	41.50471	-81.69074	cleveland, oh	1013
united states	41.51526	-90.43987	east moline, il	31
united states	41.51776	-72.75753	connecticut	112
united states	41.51913	-81.55294	cleveland heights ohio usa	13
united states	41.58979	-93.61566	des moines, iowa	111
united states	41.60299	-87.33715	gary, in	124
united states	41.60374	-74.18038	wallkill, new york	10
united states	41.60441	-73.97225	marlboro, new york	23
united states	41.61083	-87.64458	harvey, il	27
united states	41.65381	-83.53626	toledo, oh	245
united states	41.66017	-86.17258	mishawaka, in	50
united states	41.66122	-71.55587	rhode island	172
united states	41.67478	-87.99799	lemont, il	64
united states	41.67905	-86.25404	south bend, in	17
united states	41.68676	-85.97567	elkhart, in	55
united states	41.68826	-98.36818	spalding, ne	1
united states	41.70671	-73.92937	poughkeepsie, ny	23
united states	41.71054	-72.20633	willimantic, ct	76
united states	41.71832	-94.9328	audubon, ia	1
united states	41.76332	-72.67407	hartford, ct	49
united states	41.79891	-87.95492	clarendon hills, il	2
united states	41.82387	-71.41199	providence, ri	157
united states	41.84329	-87.79127	berwyn, illinois	28
united states	41.86177	-103.66276	scottsbluff, ne	14
united states	41.88	-87.77891	oak park, il	31
united states	41.88415	-87.63241	chicago, il	3946
united states	41.90311	12.49576	rome, italy	44
united states	41.92671	-73.9965	kingston, ny	9
united states	41.92699	-73.91077	rhinebeck, ny	12
united states	41.9293	-88.7493	dekalb, il	55
united states	41.93197	-71.44431	lincoln, ri	41
united states	41.93825	-93.38989	iowa	138
united states	41.94508	-71.28109	attleboro, ma	97
united states	41.98373	-86.10956	dowagiac michigan usa	16
united states	42.02534	-93.6202	ames, ia	10
united states	42.03956	-88.28324	elgin, illinois	5
united states	42.04977	-92.90802	marshalltown, iowa	21
united states	42.05665	-87.68659	evanston, il	37
united states	42.08317	-71.01724	brockton, ma	22
united states	42.09643	-87.93677	prospect heights, il	15
united states	42.10286	-74.44345	big indian, ny	32
united states	42.11306	-88.03764	palatine, illinois	22
united states	42.11553	-86.45748	benton harbor, mi	72
united states	42.12944	-80.08524	erie, pa	3
united states	42.17265	-76.82606	horseheads, new york	12
united states	42.18419	-71.71818	mass. - western	152
united states	42.2148	-83.61658	ypsilanti, mi	25
united states	42.2306	14.39059	lanciano italy	36
united states	42.23679	-70.87485	hingham, ma	48
united states	42.25147	-83.18186	lincoln park, mi	81
united states	42.26299	-71.80235	worcester, ma	53
united states	42.2669	-89.07835	rockford, il	15
united states	42.28085	-85.0415	marshall, mi	1
united states	42.28782	-87.9523	libertyville, illinois	5
united states	42.3076	-71.27951	wellesley hills, ma	29
united states	42.31256	-71.08868	boston, ma	1886
united states	42.31335	-89.35939	pecatonica, il	18
united states	42.31477	-71.08678	roxbury, ma	3
united states	42.31617	-85.18022	battle creek, mi	78
united states	42.31729	-85.60305	kalamazoo, mi	1
united states	42.31781	-72.63238	northampton, ma	90
united states	42.31782	-83.03391	windsor, on	26
united states	42.32209	-83.17624	dearborn, mi	24
united states	42.32807	-83.7336	ann arbor, mi	130
united states	42.33168	-83.04792	detroit, michigan	2218
united states	42.3519	-71.14566	brighton, ma	9
united states	42.36679	-71.10602	cambridge massachusetts usa	11
united states	42.37266	-74.09528	east durham, ny	44
united states	42.37522	-72.51984	amherst, ma	126
united states	42.38667	-71.09826	somerville, ma	38
united states	42.39376	-71.03237	chelsea, ma	11
united states	42.39658	-83.36957	livonia, mi	1
united states	42.39941	-83.05173	hamtramck, mi	65
united states	42.4078	-71.12894	west somerville, massachusetts	49
united states	42.44952	-83.16166	royal oak, mi	22
united states	42.4553	-75.06027	oneonta, ny	73
united states	42.45717	-71.06405	melrose, ma	13
united states	42.46066	-83.13142	ferndale, mi	93
united states	42.47558	-70.90677	swampscott, ma	12
united states	42.47775	-70.96668	lynn, ma	30
united states	42.4931	-92.34215	waterloo, ia	34
united states	42.49981	-96.42094	sioux city, ia	20
united states	42.50382	12.57347	italy	438
united states	42.50674	-89.03793	beloit wisconsin usa	1
united states	42.51557	-70.90725	salem, ma	64
united states	42.53486	-113.79326	burley, id	9
united states	42.58807	-87.82365	kenosha, wi.	53
united states	42.63687	-83.28842	pontiac, mi	40
united states	42.64589	-71.31284	lowell, ma	11
united states	42.65145	-73.75527	albany, ny	12
united states	42.65356	-71.13649	andover, ma	50
united states	42.66481	-83.16049	rochester hills, mi	6
united states	42.70309	-71.13124	north andover, massachusetts	1
united states	42.70394	-78.57473	south wales	30
united states	42.71032	-71.16124	lawrence, ma	42
united states	42.72521	-87.79039	racine, wisconsin	1
united states	42.72571	-92.47627	waverly iowa usa	4
united states	42.7316	25.48312	iskretz, bulgaria	16
united states	42.73383	-84.59334	lansing, mi	127
united states	42.7375	-84.48378	east lansing, mi	36
united states	42.74415	-73.76178	nogales	53
united states	42.75836	-71.46421	nashua, nh	31
united states	42.78668	-96.92803	vermillion, sd	94
united states	42.88059	-71.32673	derry, us	12
united states	42.88544	-78.87846	buffalo, ny	209
united states	42.93896	-74.18893	amsterdam, new york	21
united states	42.95133	12.70809	foligno	33
united states	42.96285	-78.7449	williamsville, ny	7
united states	42.98689	-81.24621	london on	8
united states	42.99671	-85.59012	grand rapids, mi	150
united states	43.0026	-83.7826	flint, mi	184
united states	43.00579	-81.25446	camden, north london	40
united states	43.01437	-88.23546	waukesha wi	110
united states	43.02809	-83.32278	columbus, oh	1
united states	43.04181	-87.90684	milwaukee, wi	250
united states	43.04999	-76.14739	syracuse, ny	154
united states	43.06478	-82.5276	north street, michigan	27
united states	43.07062	-70.77212	portsmouth, new hampshire	43
united states	43.07295	-89.38669	madison, wi	60
united states	43.0837	-73.78458	saratoga springs, ny	10
united states	43.11092	-88.49816	oconomowoc, wi	28
united states	43.1555	-77.61603	rochester, ny	179
united states	43.23426	-86.15935	muskegon, mi	41
united states	43.26099	-79.88845	michigan	29
united states	43.26865	-2.94612	bilbao, spain	56
united states	43.28986	-82.62258	lexington, michigan	14
united states	43.29368	5.37249	marseille, france	111
united states	43.32113	-76.41484	fulton, ny	21
united states	43.32245	-3.12282	julian lennon&#039;s official facebook music page	33
united states	43.41738	6.2946	var, fr	27
united states	43.45646	-76.51119	oswego	17
united states	43.54456	-80.24787	guelph, ontario, canada	22
united states	43.58828	-79.64372	mississauga, ontario, canada	14
united states	43.58915	-98.44127	stickney	15
united states	43.59527	-83.88491	bay city, michigan	31
united states	43.59723	-84.76815	mount pleasant, mi	33
united states	43.60698	-116.19341	boise, id	19
united states	43.64856	-79.38533	toronto, canada	804
united states	43.65914	-70.25665	portland, me	78
united states	43.72233	-90.59239	ohsawa, ontario	24
united states	43.742699	-84.621674	michigan	3
united states	43.7427	-84.62167	michigan	367
united states	43.74978	-87.71375	sheboygan, wi	95
united states	43.78237	11.25499	monsummano alto, florence, italy	44
united states	43.85549	-104.20258	newcastle, wy	37
united states	43.87165	-72.45165	vermont	22
united states	43.8814	10.23522	viareggio, italy	10
united states	43.8833	8.03333	oneglia, italy	9
united states	43.97558	-75.91316	watertown, ny	34
united states	44.00118	-71.6342	kjsdfsg, new hampshire	81
united states	44.04018	-79.45857	newmarket, ontario, canada	50
united states	44.04992	-123.08854	eugene, or	78
united states	44.05747	-121.31572	bend, oregon	1
united states	44.08116	-103.23089	rapid city, sd	38
united states	44.115589	-120.514839	oregon	1
united states	44.11559	-120.51484	portland, oregon	284
united states	44.13897	12.23865	cesena	15
united states	44.15398	-94.08553	minnesota	11
united states	44.21256	-100.24706	south dakota	69
united states	44.46682	11.96427	fusignano, italy	1
united states	44.47592	-73.21323	burlington, vermont	124
united states	44.48721	-71.56889	lancaster, nh	100
united states	44.50482	11.34516	bologna, italy	9
united states	44.63548	-123.10776	albany, or	60
united states	44.64616	-63.57392	halifax, nova scotia, canada	29
united states	44.69415	-63.59	canada - nova scotia	19
united states	44.69559	10.64121	reggio emilia, italy	65
united states	44.7272	-90.10126	wisconsin	160
united states	44.75553	5.36878	57th til i die	27
united states	44.7579	-90.29656	spencer, wi	80
united states	44.81187	20.46414	belgrade, yugoslavia	25
united states	44.81651	-91.50123	eau claire, madison, milwukee, wi	9
united states	44.83663	-0.58104	bordeaux, france	1
united states	44.84879	-74.29497	malone, ny	38
united states	44.92099	-123.31533	dallas, or	89
united states	44.93746	-91.39251	chippewa falls, wi	32
united states	44.94382	-93.09332	st. paul, mn	106
united states	44.97903	-93.26493	minneapolis, mn	583
united states	45.00394	-122.78217	silverton, oregon	31
united states	45.06951	7.7054	torino	50
united states	45.26232	-69.01249	maine	57
united states	45.36126	-73.74988	montreal, chateauguay, ca	16
united states	45.37238	-87.95196	wausaukee, wi	40
united states	45.41211	-122.56909	clackamas, or	2
united states	45.4215	-75.69189	ottawa, ontario, canada	31
united states	45.45902	-73.57176	verdun, quebec, canada	80
united states	45.46894	9.18103	milan, italy	18
united states	45.51179	-122.67563	portland, or	411
united states	45.51228	-73.55439	montreal, quebec, canada	365
united states	45.60718	4.06212	montbrison, france	79
united states	45.6454	-84.47613	cheboygan, michigan	9
united states	45.65065	13.76709	trieste, italy	42
united states	45.67932	-111.03318	bozeman montana usa	39
united states	45.75342	21.22327	timişoara	45
united states	45.7594	4.82897	lyon, fr	26
united states	45.78366	-108.50552	billings, mt	9
united states	45.80726	15.9676	zagreb croatia	18
united states	45.82648	-77.11221	pembroke, ontario, canada	4
united states	45.98005	-60.21303	marion bridge nova scotia canada	86
united states	46.00175	-112.52089	butte, mt	7
united states	46.00297	8.9513	lake lugano	13
united states	46.08914	-122.93609	rainier, oregon	17
united states	46.19686	-59.95786	glace bay, n.s.	50
united states	46.35316	-94.20069	brainerd, mn	88
united states	46.44231	-93.36586	oceansprings, minnesota	245
united states	46.49643	-66.40942	new brunswick	1
united states	46.5735	11.66351	ortisei, italy	1
united states	46.58976	-112.0212	helena, mt	33
united states	46.61844	4.49848	mary land	1
united states	46.67449	7.63495	wimmis	13
united states	46.67949	-110.04454	montana	14
united states	46.71067	1.71819	fr	177
united states	46.72131	-92.10395	superior/spooner, wisconsin	1
united states	46.73016	-117.18148	pullman	105
united states	46.77228	-67.83646	fort fairfield, me	1
united states	46.78796	-92.09985	duluth, mn	92
united states	46.81274	-71.21935	quebec city	59
united states	46.8132	8.22395	switzerland	210
united states	46.87278	-113.99623	missoula, mt	62
united states	46.87591	-96.78176	fargo, nd	97
united states	46.98538	-122.91227	tumwater, wa	78
united states	47.03922	-122.89143	olympia, wa	179
united states	47.04954	8.30437	lucerne	1
united states	47.16116	19.50496	hungary	6
united states	47.22263	-122.53709	university place, washington	50
united states	47.22679	-117.07362	tekoa, wa	28
united states	47.25513	-122.44165	tacoma, wa	241
united states	47.37706	8.53955	zurich, switzerland	48
united states	47.38028	-122.23742	kent, washington	12
united states	47.47495	8.3064	baden, switzerland	39
united states	47.50622	19.06482	budapest, hungary	57
united states	47.565	-122.62569	bremerton, washington	1
united states	47.60356	-122.32944	seattle, wa	1362
united states	47.62693	-122.52098	bainbridge island, wa 	13
united states	47.65726	-117.41228	spokane, wa	84
united states	47.69651	13.34577	austria	16
united states	47.83888	11.14466	weilheim, germany	25
united states	47.92408	-97.03203	grand forks, nd	47
united states	47.97657	-122.20642	everett, wa	48
united states	48.07272	-0.77304	laval, france	41
united states	48.13641	11.57752	munich, west germany	1
united states	48.14432	17.5141	joco	51
united states	48.20254	16.3688	vienna, austria	198
united states	48.39023	-4.48622	brest, france	86
united states	48.42831	-123.36451	victoria, bc, canada	49
united states	48.43434	-4.62141	st. renan, france	25
united states	48.51262	-122.6134	anacortes, wa	15
united states	48.55286	-109.67097	havre, mt	14
united states	48.70185	2.31371	france	11
united states	48.73872	-69.0844	forestville, ca	52
united states	48.75235	-122.47122	bellingham, washington	35
united states	48.76767	9.17192	stuttgart, germany	40
united states	48.77465	1.99928	trappes, france	29
united states	48.80193	2.13112	versailles	4
united states	48.80216	2.48633	saint-maur des fossés (94)	1
united states	48.85692	2.34121	paris, france	404
united states	48.8959	2.25644	courbevoie, france	1
united states	49.01037	8.4092	karlsruhe, germany	78
united states	49.05067	2.10067	pontoise, france	33
united states	49.08215	33.43009	kremenchuk, ukraine	24
united states	49.22864	-0.29909	blainville, france	18
united states	49.26044	-123.11403	vancouver, bc, canada	228
united states	49.38426	-84.75627	canada - ontario	515
united states	49.41349	8.70819	heidelberg, germany	1
united states	49.41944	0.23285	colorado	48
united states	49.45431	11.07394	nuremberg, germany	97
united states	49.48651	8.46678	mannheim	39
united states	49.49345	0.10142	le havre	1
united states	49.50023	-119.59386	penticton british columbia canada	1
united states	49.5135	-115.7687	cranbrook, british columbia	3
united states	49.80388	15.47491	czech republic	11
united states	49.87269	8.65016	darmstadt, germany	18
united states	49.89942	-97.14074	winnipeg, mb, can	276
united states	5.87522	-162.4365	laietan, um	35
united states	50.03599	21.41266	debica, poland	2
united states	50.07908	14.43322	praha	22
united states	50.11204	8.68342	frankfurt	11
united states	50.24665	19.00424	k�sh�upper silesia	52
united states	50.26568	-119.2738	vernon, british columbia, canada	42
united states	50.35849	3.5241	valenciennes, france	34
united states	50.3758	-4.13689	plymouth, england	12
united states	50.41015	4.44343	charleroi, belgium	34
united states	50.44138	30.52249	kiev, ukraine	11
united states	50.44332	-4.93986	cornwall, england	91
united states	50.47648	-3.52754	torquay, england	46
united states	50.50101	4.47684	belgium	107
united states	50.57103	10.41715	meiningen, germany	9
united states	50.7204	-1.88091	bournemouth, england	37
united states	50.72076	-3.51534	exeter, devon, england	55
united states	50.7266	6.51747	d�orf, germany	10
united states	50.7323	7.10169	bonn	9
united states	50.77164	3.88438	geraardsbergen	1
united states	50.77813	6.08849	aachen, germany	50
united states	50.79692	-2.32169	dorset, england	14
united states	50.80401	-1.08728	portsmouth, england	164
united states	50.82607	7.28021	sch�erg, germany	131
united states	50.82821	-0.13449	brighton, england	51
united states	50.83033	-0.38639	worthing	64
united states	50.83935	-0.78191	chichester, sussex, england	41
united states	50.84838	4.34968	brussels, belgium	172
united states	50.87077	0.57405	hastings, england	27
united states	50.90994	-1.40732	southampton, england	25
united states	50.94078	5.16599	herk-de-stad	12
united states	50.94165	6.95505	cologne, germany	52
united states	50.97768	11.02307	erfurt, thuringia, germany	1
united states	51.04521	-114.06317	calgary alberta canada	97
united states	51.16418	10.45415	germany	527
united states	51.164181	10.45415	germany	5
united states	51.19871	0.74267	kent, england	89
united states	51.23708	-0.57051	guildford, england	1
united states	51.23848	-2.99367	burnham-on-sea	15
united states	51.26143	-1.09712	basingstoke	13
united states	51.2653	0.51804	maidstone kent uk 	12
united states	51.27172	-0.39535	croydon, surrey, england	2
united states	51.27562	0.17898	sevenoaks, kent, england	1
united states	51.31476	-0.56623	woking, surrey, england	99
united states	51.34481	12.38551	atlanta, ga	1
united states	51.34835	-2.25177	bradford-on-avon, wiltshire, engl	13
united states	51.34974	0.56876	hempstead, england	1
united states	51.35451	-0.09776	south croydon, england	31
united states	51.35502	-0.07929	croydon, england	19
united states	51.3599	7.47125	hagen, w. germany	89
united states	51.36961	-2.54664	pensford, somerset, england	46
united states	51.37274	-0.45806	weybridge, surrey, england	20
united states	51.38071	0.51323	chatham, england	17
united states	51.38434	-0.4207	walton-on-thames, england	98
united states	51.38503	-2.36132	bath / bristol	7
united states	51.38831	-56.09009	yay	14
united states	51.44097	-0.08884	dulwich, london, england	16
united states	51.44268	3.57262	vlissingen, holland	3
united states	51.45102	0.05102	eltham, england	71
united states	51.4518	7.01062	essen	89
united states	51.45236	-0.12193	brixton, england	38
united states	51.45238	-0.99603	reading, england	118
united states	51.4536	-0.01802	lewisham, london, england	2
united states	51.45366	-2.59143	bristol, england	320
united states	51.46365	-0.21562	putney, england	22
united states	51.4788	-0.62466	windsor, england	118
united states	51.48126	-3.18067	cardiff, wales	220
united states	51.48224	-2.78071	portishead / bristol	40
united states	51.48944	-0.26194	chiswick, greater london, england	93
united states	51.49762	-0.0817	bermondsey, london, england	44
united states	51.50632	-0.12714	london, england	2512
united states	51.506321	-0.12714	uk - england - london	2
united states	51.51138	-0.37833	southall, middlesex, england	32
united states	51.51324	-0.26746	acton, london, england	85
united states	51.5163	-0.06606	whitechapel united kingdom	6
united states	51.51661	7.45829	dortmund, germany	50
united states	51.52509	-0.3324	ealing, london, england	58
united states	51.54038	0.70516	southend, englnad	10
united states	51.54881	-0.0604	hackney, east london, england	24
united states	51.55296	-0.29554	wembley, england	6
united states	51.55492	5.10627	tilburg, holland	27
united states	51.56096	-0.23443	dollis hill, london, england	1
united states	51.57103	-0.33978	harrow on the hill	1
united states	51.57196	-1.78644	swindon, england	64
united states	51.57306	-0.77619	marlow, england	33
united states	51.59105	-2.98825	newport, wales.	32
united states	51.59109	-0.14858	muswell hill, london, england	47
united states	51.60643	-0.37728	hatch end, london, england	13
united states	51.6134	7.19338	recklinghausen	50
united states	51.62088	0.31732	brentwood, essex, england	1
united states	51.65212	-0.39072	watford, england	2
united states	51.69051	-0.03381	waltham cross, hertfordshire, eng	16
united states	51.70308	-3.04319	pontypool, wales	20
united states	51.70973	-0.09201	goff's oak, london, hertfordshire	15
united states	51.71012	-3.69781	resolven, wales	11
united states	51.71815	-3.85093	pontardawe, wales	53
united states	51.73569	0.47791	chelmsford, england	56
united states	51.75318	-0.33775	st. albans, england	10
united states	51.7562	-1.25949	oxford, england	125
united states	51.76174	19.46801	lodz, poland	85
united states	51.77045	0.64255	essex, england	159
united states	51.80143	-0.20573	welwyn garden city, england	3
united states	51.84005	-0.2751	hertfordshire, england	39
united states	51.88966	0.88943	colchester	46
united states	51.89493	-0.42809	luton, bedfordshire, england	44
united states	51.91892	19.1343	straconka, poland	10
united states	51.92283	4.47845	rotterdam, europe	1
united states	52.08893	5.1154	park city, utrecht	81
united states	52.09141	-1.94035	evesham, worcestershire, england	2
united states	52.0953	1.31388	woodbridge, suffolk, england	28
united states	52.1082	5.32986	netherlands	57
united states	52.1305	-106.65931	saskatoon, saskatchewan, canada	63
united states	52.20987	0.11156	cambridge, england	50
united states	52.23813	20.97151	żelazowa wola, poland	1
united states	52.23974	-0.88576	northampton	65
united states	52.27252	8.04779	osnabrueck, germany	22
united states	52.2824	-0.64751	worchester, england	64
united states	52.3667	9.3667	m�th, germany	17
united states	52.37227	9.73815	hannover / bremen	13
united states	52.37312	4.89319	amsterdam, the netherlands	180
united states	52.37633	-1.25615	rugby, midlands, england	12
united states	52.40698	-1.50776	coventry, england	116
united states	52.409	16.9382	poznan, poland	6
united states	52.44944	4.80892	zaandam, netherlands	2
united states	52.45419	-2.14783	stourbridge, england	1
united states	52.47859	-1.9086	birmingham, england	237
united states	52.48245	-116.07546	nordegg, alberta, canada	21
united states	52.50208	-0.76588	middleton, england	51
united states	52.50902	-1.94053	handsworth, birmingham, england	16
united states	52.51607	13.37698	berlin germany	380
united states	52.58865	-2.12167	wolverhampton, w. midlands, engla	42
united states	52.62249	1.2949	norwich, england	45
united states	52.63788	-1.14036	leicester, england	75
united states	52.65235	-2.73426	owestry, shropshire, england	63
united states	52.67383	-0.65938	barnsdale, ok	15
united states	52.8029	-2.10633	stafford, england	31
united states	52.82476	-2.02817	staffordshire, england	1
united states	52.82599	-1.32654	uk - england - east midlands	41
united states	52.85551	-9.40102	miltown malbay, ireland	75
united states	52.88356	-1.97406	england	1106
united states	52.94922	-1.14392	nottingham, england	288
united states	53.02423	-112.82978	camrose alberta canada	45
united states	53.07516	8.80466	bremen, germany	15
united states	53.26047	-2.512	northwich, cheshire, england	16
united states	53.26265	-2.13468	macclesfield, cheshire, england	59
united states	53.31158	-3.47238	rhyl, wales	47
united states	53.34376	-6.24953	dublin, ireland	200
united states	53.37035	-2.74078	widnes, cheshire	15
united states	53.38311	-1.46454	sheffield, yorkshire, england	227
united states	53.39332	-2.91862	st. helens (liverpool), england	41
united states	53.40977	-2.97848	liverpool, england	222
united states	53.41961	-8.24055	ireland	184
united states	53.4796	-2.24881	manchester, england	453
united states	53.48973	-2.2843	salford, greater manchester, engl	11
united states	53.54222	-2.64556	wigan	9
united states	53.54622	-113.49037	edmonton, alberta, canada	34
united states	53.55334	9.99245	hamburg	83
united states	53.56093	-0.0924	grimsby	9
united states	53.71673	-2.09579	todmorden, england	24
united states	53.74319	-0.34592	hull, england	88
united states	53.79449	-1.54658	leeds, england	133
united states	53.7946	-2.24705	burnley, england	7
united states	53.79573	-1.7583	bradford united kingdom	10
united states	53.82507	-3.02075	blackpool, lancashire, england	85
united states	53.86121	-2.56483	wigan, lancashire, england	62
united states	53.89128	-68.43114	canada - québec	90
united states	53.93063	-1.20788	united kingdom	111
united states	53.95333	-1.08342	york, england	88
united states	54.03728	-2.79959	lancaster, lancashire, england	53
united states	54.28046	-0.41583	scarborough, uk	21
united states	54.31392	-2.23218	great britain / uk	610
united states	54.31407	-2.23001	uk	435
united states	54.49857	-114.99993	alberta, canada	53
united states	54.49887	-126.55071	east vancouver, b.c., canada	86
united states	54.50125	-8.18998	ballyshannon, ireland	69
united states	54.50292	-6.76687	derry &amp; dungannon, n.ireland	12
united states	54.5958	-5.93494	belfast, northern ireland	1
united states	54.62805	-3.55335	workington, cumbria (uk)	26
united states	54.68208	-1.22182	hartlepool	1
united states	54.6904	-1.2323	west hartlepool, england	18
united states	54.90012	-1.40848	sunderland, england	91
united states	54.96884	-1.86747	ovingham-upon-tyne, england	21
united states	54.97791	-1.61237	newcastle, england	45
united states	54.98281	-1.4787	jarrow, england	3
united states	54.99241	-7.31923	derry, northern ireland	71
united states	55.66107	-3.83957	lanarkshire, scotland	70
united states	55.67631	12.56935	copenhagen, denmark	202
united states	55.74138	12.57885	copenhagen, denmark	47
united states	55.75687	37.6151	russia  (moscow) 	68
united states	55.76739	-4.18587	east kilbride, scotland	33
united states	55.8578	-4.24251	glasgow, scotland	241
united states	55.92882	12.30561	hillerød	9
united states	55.95415	-3.20277	edinburgh, scotland	60
united states	56.07043	-3.44291	dunfermline, scotland	171
united states	56.27609	9.51695	denmark	168
united states	56.65286	-3.99667	scotland	338
united states	56.67225	12.85752	halmstead, sweden	10
united states	56.85147	-101.04893	lynn lake, manitoba, canada	59
united states	56.95468	-98.30897	canada	344
united states	57.15382	-2.10679	aberdeen, scotland	20
united states	57.70133	11.96689	göteborg	55
united states	57.77972	14.17739	jonkoping, sweden	20
united states	58.19536	-116.39778	la crete, ab	1
united states	59.12766	15.14345	kumla	30
united states	59.13349	10.22291	norway  (sandefjord)	19
united states	59.2091	9.60867	skien	2
united states	59.26575	10.40782	norway (tonsberg)	2
united states	59.27074	15.21751	örebro, sweden	23
united states	59.33217	18.06243	sweden (stockholm)	218
united states	59.37991	13.49942	karlstad	23
united states	59.39297	9.20665	bergan, norway	1
united states	59.46148	108.83178	russia	101
united states	59.55546	11.32643	mysen, norway	26
united states	59.85845	17.64405	uppsala, sweden	1
united states	59.91228	10.74998	oslo, norway	125
united states	6.23651	-75.59028	medellin, co	18
united states	6.47279	-66.58904	venezuela	42
united states	6.65512	-4.71976	dimbokora, cote d'ivoire	9
united states	6.82323	5.67481	ondo, nigeria	45
united states	60.17116	24.93258	helsinki, finland	17
united states	60.20624	24.6562	espoo, finland	40
united states	60.3907	5.33275	bergen, norway	8
united states	60.67366	17.1456	japan	40
united states	61.21756	-149.85776	anchorage, ak	1
united states	61.45614	23.48257	california - sf	1
united states	61.49781	23.76226	tampere, finland	19
united states	61.73825	15.16463	los angeleses	40
united states	62.19845	17.55142	sweden	804
united states	62.3889	17.30686	sundsvall	13
united states	63.03654	-149.10568	boston alaska usa	3
united states	63.431	10.39208	trondheim ,norway	11
united states	63.82525	20.26078	umeå	15
united states	63.96027	10.22442	<a href="http://billyidol.net" onmousedown='untrustedlink.bootstrap($(this), "fc44f8f60d13ab68c56b3c6709c6d670", event)' target="_blank" rel="nofollow">http://billyidol.net</a>	99
united states	64.32235	-22.07443	akranes, iceland	25
united states	64.55653	12.66538	norway	215
united states	64.8369	-136.79199	canada - yukon	27
united states	64.8455	-147.72218	fairbanks, ak	56
united states	64.95014	26.06739	finland	116
united states	64.96394	-19.02116	iceland	17
united states	69.96672	23.26727	alta, norway	15
united states	7.33532	-72.94832	california, california	115
united states	7.95501	-1.03182	ghana	7
united states	8.4177	-80